fieldwork_start_date,fieldwork_end_date,sample_size,pollster,source_url,source_label,force_label,candidate_name,political_family,estimate_percent,days_until_election
2021-09-29,2021-10-01,1351,Ifop,https://www.ifop.com/wp-content/uploads/2021/10/118400-Rapport.pdf,Wikimedia Commons / Wikipédia 2022,DLF,Nicolas Dupont-Aignan,sovereigntist_right,2.5,191
2021-09-29,2021-10-01,1351,Ifop,https://www.ifop.com/wp-content/uploads/2021/10/118400-Rapport.pdf,Wikimedia Commons / Wikipédia 2022,EELV,Yannick Jadot,green,8.0,191
2021-09-29,2021-10-01,1351,Ifop,https://www.ifop.com/wp-content/uploads/2021/10/118400-Rapport.pdf,Wikimedia Commons / Wikipédia 2022,ENS,Emmanuel Macron,centre,26.0,191
2021-09-29,2021-10-01,1351,Ifop,https://www.ifop.com/wp-content/uploads/2021/10/118400-Rapport.pdf,Wikimedia Commons / Wikipédia 2022,LFI,Jean-Luc Mélenchon,left,7.0,191
2021-09-29,2021-10-01,1351,Ifop,https://www.ifop.com/wp-content/uploads/2021/10/118400-Rapport.pdf,Wikimedia Commons / Wikipédia 2022,LR,Valérie Pécresse,right,11.0,191
2021-09-29,2021-10-01,1351,Ifop,https://www.ifop.com/wp-content/uploads/2021/10/118400-Rapport.pdf,Wikimedia Commons / Wikipédia 2022,PCF,Fabien Roussel,left,2.0,191
2021-09-29,2021-10-01,1351,Ifop,https://www.ifop.com/wp-content/uploads/2021/10/118400-Rapport.pdf,Wikimedia Commons / Wikipédia 2022,PS-PP,Anne Hidalgo,centre_left,6.0,191
2021-09-29,2021-10-01,1351,Ifop,https://www.ifop.com/wp-content/uploads/2021/10/118400-Rapport.pdf,Wikimedia Commons / Wikipédia 2022,REC,Éric Zemmour,far_right,13.0,191
2021-09-29,2021-10-01,1351,Ifop,https://www.ifop.com/wp-content/uploads/2021/10/118400-Rapport.pdf,Wikimedia Commons / Wikipédia 2022,RN,Marine Le Pen,far_right,19.0,191
2021-10-01,2021-10-04,1310,Harris-Interactive,https://harris-interactive.fr/wp-content/uploads/sites/6/2021/10/Rapport-Harris-Vague-16-Intentions-de-vote-Presidentielle-2022-Challenges.pdf,Wikimedia Commons / Wikipédia 2022,DLF,Nicolas Dupont-Aignan,sovereigntist_right,2.0,188
2021-10-01,2021-10-04,1310,Harris-Interactive,https://harris-interactive.fr/wp-content/uploads/sites/6/2021/10/Rapport-Harris-Vague-16-Intentions-de-vote-Presidentielle-2022-Challenges.pdf,Wikimedia Commons / Wikipédia 2022,EELV,Yannick Jadot,green,7.0,188
2021-10-01,2021-10-04,1310,Harris-Interactive,https://harris-interactive.fr/wp-content/uploads/sites/6/2021/10/Rapport-Harris-Vague-16-Intentions-de-vote-Presidentielle-2022-Challenges.pdf,Wikimedia Commons / Wikipédia 2022,ENS,Emmanuel Macron,centre,25.0,188
2021-10-01,2021-10-04,1310,Harris-Interactive,https://harris-interactive.fr/wp-content/uploads/sites/6/2021/10/Rapport-Harris-Vague-16-Intentions-de-vote-Presidentielle-2022-Challenges.pdf,Wikimedia Commons / Wikipédia 2022,LFI,Jean-Luc Mélenchon,left,11.0,188
2021-10-01,2021-10-04,1310,Harris-Interactive,https://harris-interactive.fr/wp-content/uploads/sites/6/2021/10/Rapport-Harris-Vague-16-Intentions-de-vote-Presidentielle-2022-Challenges.pdf,Wikimedia Commons / Wikipédia 2022,LR,Valérie Pécresse,right,11.0,188
2021-10-01,2021-10-04,1310,Harris-Interactive,https://harris-interactive.fr/wp-content/uploads/sites/6/2021/10/Rapport-Harris-Vague-16-Intentions-de-vote-Presidentielle-2022-Challenges.pdf,Wikimedia Commons / Wikipédia 2022,PCF,Fabien Roussel,left,2.0,188
2021-10-01,2021-10-04,1310,Harris-Interactive,https://harris-interactive.fr/wp-content/uploads/sites/6/2021/10/Rapport-Harris-Vague-16-Intentions-de-vote-Presidentielle-2022-Challenges.pdf,Wikimedia Commons / Wikipédia 2022,PS-PP,Anne Hidalgo,centre_left,6.0,188
2021-10-01,2021-10-04,1310,Harris-Interactive,https://harris-interactive.fr/wp-content/uploads/sites/6/2021/10/Rapport-Harris-Vague-16-Intentions-de-vote-Presidentielle-2022-Challenges.pdf,Wikimedia Commons / Wikipédia 2022,REC,Éric Zemmour,far_right,17.0,188
2021-10-01,2021-10-04,1310,Harris-Interactive,https://harris-interactive.fr/wp-content/uploads/sites/6/2021/10/Rapport-Harris-Vague-16-Intentions-de-vote-Presidentielle-2022-Challenges.pdf,Wikimedia Commons / Wikipédia 2022,RN,Marine Le Pen,far_right,15.0,188
2021-10-05,2021-10-06,1309,Elabe,https://elabe.fr/wp-content/uploads/2021/10/pr2022.pdf,Wikimedia Commons / Wikipédia 2022,DLF,Nicolas Dupont-Aignan,sovereigntist_right,3.0,186
2021-10-05,2021-10-06,1309,Elabe,https://elabe.fr/wp-content/uploads/2021/10/pr2022.pdf,Wikimedia Commons / Wikipédia 2022,EELV,Yannick Jadot,green,9.0,186
2021-10-05,2021-10-06,1309,Elabe,https://elabe.fr/wp-content/uploads/2021/10/pr2022.pdf,Wikimedia Commons / Wikipédia 2022,ENS,Emmanuel Macron,centre,27.0,186
2021-10-05,2021-10-06,1309,Elabe,https://elabe.fr/wp-content/uploads/2021/10/pr2022.pdf,Wikimedia Commons / Wikipédia 2022,LFI,Jean-Luc Mélenchon,left,8.0,186
2021-10-05,2021-10-06,1309,Elabe,https://elabe.fr/wp-content/uploads/2021/10/pr2022.pdf,Wikimedia Commons / Wikipédia 2022,LR,Valérie Pécresse,right,8.0,186
2021-10-05,2021-10-06,1309,Elabe,https://elabe.fr/wp-content/uploads/2021/10/pr2022.pdf,Wikimedia Commons / Wikipédia 2022,PCF,Fabien Roussel,left,2.0,186
2021-10-05,2021-10-06,1309,Elabe,https://elabe.fr/wp-content/uploads/2021/10/pr2022.pdf,Wikimedia Commons / Wikipédia 2022,PS-PP,Anne Hidalgo,centre_left,5.0,186
2021-10-05,2021-10-06,1309,Elabe,https://elabe.fr/wp-content/uploads/2021/10/pr2022.pdf,Wikimedia Commons / Wikipédia 2022,REC,Éric Zemmour,far_right,14.0,186
2021-10-05,2021-10-06,1309,Elabe,https://elabe.fr/wp-content/uploads/2021/10/pr2022.pdf,Wikimedia Commons / Wikipédia 2022,RN,Marine Le Pen,far_right,17.0,186
2021-10-05,2021-10-06,921,Ifop,https://www.ifop.com/wp-content/uploads/2021/10/118499-Rapport.pdf,Wikimedia Commons / Wikipédia 2022,DLF,Nicolas Dupont-Aignan,sovereigntist_right,3.0,186
2021-10-05,2021-10-06,921,Ifop,https://www.ifop.com/wp-content/uploads/2021/10/118499-Rapport.pdf,Wikimedia Commons / Wikipédia 2022,EELV,Yannick Jadot,green,8.0,186
2021-10-05,2021-10-06,921,Ifop,https://www.ifop.com/wp-content/uploads/2021/10/118499-Rapport.pdf,Wikimedia Commons / Wikipédia 2022,ENS,Emmanuel Macron,centre,26.0,186
2021-10-05,2021-10-06,921,Ifop,https://www.ifop.com/wp-content/uploads/2021/10/118499-Rapport.pdf,Wikimedia Commons / Wikipédia 2022,LFI,Jean-Luc Mélenchon,left,8.0,186
2021-10-05,2021-10-06,921,Ifop,https://www.ifop.com/wp-content/uploads/2021/10/118499-Rapport.pdf,Wikimedia Commons / Wikipédia 2022,LR,Valérie Pécresse,right,11.0,186
2021-10-05,2021-10-06,921,Ifop,https://www.ifop.com/wp-content/uploads/2021/10/118499-Rapport.pdf,Wikimedia Commons / Wikipédia 2022,PCF,Fabien Roussel,left,1.5,186
2021-10-05,2021-10-06,921,Ifop,https://www.ifop.com/wp-content/uploads/2021/10/118499-Rapport.pdf,Wikimedia Commons / Wikipédia 2022,PS-PP,Anne Hidalgo,centre_left,6.0,186
2021-10-05,2021-10-06,921,Ifop,https://www.ifop.com/wp-content/uploads/2021/10/118499-Rapport.pdf,Wikimedia Commons / Wikipédia 2022,REC,Éric Zemmour,far_right,14.0,186
2021-10-05,2021-10-06,921,Ifop,https://www.ifop.com/wp-content/uploads/2021/10/118499-Rapport.pdf,Wikimedia Commons / Wikipédia 2022,RN,Marine Le Pen,far_right,18.0,186
2021-10-07,2021-10-11,1503,BVA,https://presidentielle2022.bva-group.com/wp-content/uploads/2021/10/BVA-RTL-Orange-Presidentielle-2022-Vague-1-14.10.21.pdf,Wikimedia Commons / Wikipédia 2022,DLF,Nicolas Dupont-Aignan,sovereigntist_right,2.5,181
2021-10-07,2021-10-11,1503,BVA,https://presidentielle2022.bva-group.com/wp-content/uploads/2021/10/BVA-RTL-Orange-Presidentielle-2022-Vague-1-14.10.21.pdf,Wikimedia Commons / Wikipédia 2022,EELV,Yannick Jadot,green,8.0,181
2021-10-07,2021-10-11,1503,BVA,https://presidentielle2022.bva-group.com/wp-content/uploads/2021/10/BVA-RTL-Orange-Presidentielle-2022-Vague-1-14.10.21.pdf,Wikimedia Commons / Wikipédia 2022,ENS,Emmanuel Macron,centre,27.0,181
2021-10-07,2021-10-11,1503,BVA,https://presidentielle2022.bva-group.com/wp-content/uploads/2021/10/BVA-RTL-Orange-Presidentielle-2022-Vague-1-14.10.21.pdf,Wikimedia Commons / Wikipédia 2022,LFI,Jean-Luc Mélenchon,left,8.0,181
2021-10-07,2021-10-11,1503,BVA,https://presidentielle2022.bva-group.com/wp-content/uploads/2021/10/BVA-RTL-Orange-Presidentielle-2022-Vague-1-14.10.21.pdf,Wikimedia Commons / Wikipédia 2022,LR,Valérie Pécresse,right,10.0,181
2021-10-07,2021-10-11,1503,BVA,https://presidentielle2022.bva-group.com/wp-content/uploads/2021/10/BVA-RTL-Orange-Presidentielle-2022-Vague-1-14.10.21.pdf,Wikimedia Commons / Wikipédia 2022,PCF,Fabien Roussel,left,1.5,181
2021-10-07,2021-10-11,1503,BVA,https://presidentielle2022.bva-group.com/wp-content/uploads/2021/10/BVA-RTL-Orange-Presidentielle-2022-Vague-1-14.10.21.pdf,Wikimedia Commons / Wikipédia 2022,PS-PP,Anne Hidalgo,centre_left,4.0,181
2021-10-07,2021-10-11,1503,BVA,https://presidentielle2022.bva-group.com/wp-content/uploads/2021/10/BVA-RTL-Orange-Presidentielle-2022-Vague-1-14.10.21.pdf,Wikimedia Commons / Wikipédia 2022,REC,Éric Zemmour,far_right,14.0,181
2021-10-07,2021-10-11,1503,BVA,https://presidentielle2022.bva-group.com/wp-content/uploads/2021/10/BVA-RTL-Orange-Presidentielle-2022-Vague-1-14.10.21.pdf,Wikimedia Commons / Wikipédia 2022,RN,Marine Le Pen,far_right,17.0,181
2021-10-08,2021-10-11,1337,Harris-Interactive,https://harris-interactive.fr/wp-content/uploads/sites/6/2021/10/Rapport-Harris-Vague-17-Intentions-de-vote-Presidentielle-2022-Challenges.pdf,Wikimedia Commons / Wikipédia 2022,DLF,Nicolas Dupont-Aignan,sovereigntist_right,2.0,181
2021-10-08,2021-10-11,1337,Harris-Interactive,https://harris-interactive.fr/wp-content/uploads/sites/6/2021/10/Rapport-Harris-Vague-17-Intentions-de-vote-Presidentielle-2022-Challenges.pdf,Wikimedia Commons / Wikipédia 2022,EELV,Yannick Jadot,green,8.0,181
2021-10-08,2021-10-11,1337,Harris-Interactive,https://harris-interactive.fr/wp-content/uploads/sites/6/2021/10/Rapport-Harris-Vague-17-Intentions-de-vote-Presidentielle-2022-Challenges.pdf,Wikimedia Commons / Wikipédia 2022,ENS,Emmanuel Macron,centre,25.0,181
2021-10-08,2021-10-11,1337,Harris-Interactive,https://harris-interactive.fr/wp-content/uploads/sites/6/2021/10/Rapport-Harris-Vague-17-Intentions-de-vote-Presidentielle-2022-Challenges.pdf,Wikimedia Commons / Wikipédia 2022,LFI,Jean-Luc Mélenchon,left,11.0,181
2021-10-08,2021-10-11,1337,Harris-Interactive,https://harris-interactive.fr/wp-content/uploads/sites/6/2021/10/Rapport-Harris-Vague-17-Intentions-de-vote-Presidentielle-2022-Challenges.pdf,Wikimedia Commons / Wikipédia 2022,LR,Valérie Pécresse,right,11.0,181
2021-10-08,2021-10-11,1337,Harris-Interactive,https://harris-interactive.fr/wp-content/uploads/sites/6/2021/10/Rapport-Harris-Vague-17-Intentions-de-vote-Presidentielle-2022-Challenges.pdf,Wikimedia Commons / Wikipédia 2022,PCF,Fabien Roussel,left,2.0,181
2021-10-08,2021-10-11,1337,Harris-Interactive,https://harris-interactive.fr/wp-content/uploads/sites/6/2021/10/Rapport-Harris-Vague-17-Intentions-de-vote-Presidentielle-2022-Challenges.pdf,Wikimedia Commons / Wikipédia 2022,PS-PP,Anne Hidalgo,centre_left,5.0,181
2021-10-08,2021-10-11,1337,Harris-Interactive,https://harris-interactive.fr/wp-content/uploads/sites/6/2021/10/Rapport-Harris-Vague-17-Intentions-de-vote-Presidentielle-2022-Challenges.pdf,Wikimedia Commons / Wikipédia 2022,REC,Éric Zemmour,far_right,17.0,181
2021-10-08,2021-10-11,1337,Harris-Interactive,https://harris-interactive.fr/wp-content/uploads/sites/6/2021/10/Rapport-Harris-Vague-17-Intentions-de-vote-Presidentielle-2022-Challenges.pdf,Wikimedia Commons / Wikipédia 2022,RN,Marine Le Pen,far_right,15.0,181
2021-10-05,2021-10-11,3010,Odoxa,https://www.odoxa.fr/sondage/intentions-de-vote-2eme-vague/,Wikimedia Commons / Wikipédia 2022,DLF,Nicolas Dupont-Aignan,sovereigntist_right,2.5,181
2021-10-05,2021-10-11,3010,Odoxa,https://www.odoxa.fr/sondage/intentions-de-vote-2eme-vague/,Wikimedia Commons / Wikipédia 2022,EELV,Yannick Jadot,green,7.0,181
2021-10-05,2021-10-11,3010,Odoxa,https://www.odoxa.fr/sondage/intentions-de-vote-2eme-vague/,Wikimedia Commons / Wikipédia 2022,ENS,Emmanuel Macron,centre,26.5,181
2021-10-05,2021-10-11,3010,Odoxa,https://www.odoxa.fr/sondage/intentions-de-vote-2eme-vague/,Wikimedia Commons / Wikipédia 2022,LFI,Jean-Luc Mélenchon,left,9.0,181
2021-10-05,2021-10-11,3010,Odoxa,https://www.odoxa.fr/sondage/intentions-de-vote-2eme-vague/,Wikimedia Commons / Wikipédia 2022,LR,Valérie Pécresse,right,8.5,181
2021-10-05,2021-10-11,3010,Odoxa,https://www.odoxa.fr/sondage/intentions-de-vote-2eme-vague/,Wikimedia Commons / Wikipédia 2022,PCF,Fabien Roussel,left,2.0,181
2021-10-05,2021-10-11,3010,Odoxa,https://www.odoxa.fr/sondage/intentions-de-vote-2eme-vague/,Wikimedia Commons / Wikipédia 2022,PS-PP,Anne Hidalgo,centre_left,4.0,181
2021-10-05,2021-10-11,3010,Odoxa,https://www.odoxa.fr/sondage/intentions-de-vote-2eme-vague/,Wikimedia Commons / Wikipédia 2022,REC,Éric Zemmour,far_right,16.5,181
2021-10-05,2021-10-11,3010,Odoxa,https://www.odoxa.fr/sondage/intentions-de-vote-2eme-vague/,Wikimedia Commons / Wikipédia 2022,RN,Marine Le Pen,far_right,18.5,181
2021-10-09,2021-10-13,4503,Ifop-Fiducial,https://www.commission-des-sondages.fr/notices/files/notices/2021/octobre/9224-p-ifop-le-figaro.pdf,Wikimedia Commons / Wikipédia 2022,DLF,Nicolas Dupont-Aignan,sovereigntist_right,2.5,179
2021-10-09,2021-10-13,4503,Ifop-Fiducial,https://www.commission-des-sondages.fr/notices/files/notices/2021/octobre/9224-p-ifop-le-figaro.pdf,Wikimedia Commons / Wikipédia 2022,EELV,Yannick Jadot,green,7.0,179
2021-10-09,2021-10-13,4503,Ifop-Fiducial,https://www.commission-des-sondages.fr/notices/files/notices/2021/octobre/9224-p-ifop-le-figaro.pdf,Wikimedia Commons / Wikipédia 2022,ENS,Emmanuel Macron,centre,26.0,179
2021-10-09,2021-10-13,4503,Ifop-Fiducial,https://www.commission-des-sondages.fr/notices/files/notices/2021/octobre/9224-p-ifop-le-figaro.pdf,Wikimedia Commons / Wikipédia 2022,LFI,Jean-Luc Mélenchon,left,8.0,179
2021-10-09,2021-10-13,4503,Ifop-Fiducial,https://www.commission-des-sondages.fr/notices/files/notices/2021/octobre/9224-p-ifop-le-figaro.pdf,Wikimedia Commons / Wikipédia 2022,LR,Valérie Pécresse,right,10.0,179
2021-10-09,2021-10-13,4503,Ifop-Fiducial,https://www.commission-des-sondages.fr/notices/files/notices/2021/octobre/9224-p-ifop-le-figaro.pdf,Wikimedia Commons / Wikipédia 2022,PCF,Fabien Roussel,left,2.0,179
2021-10-09,2021-10-13,4503,Ifop-Fiducial,https://www.commission-des-sondages.fr/notices/files/notices/2021/octobre/9224-p-ifop-le-figaro.pdf,Wikimedia Commons / Wikipédia 2022,PS-PP,Anne Hidalgo,centre_left,5.5,179
2021-10-09,2021-10-13,4503,Ifop-Fiducial,https://www.commission-des-sondages.fr/notices/files/notices/2021/octobre/9224-p-ifop-le-figaro.pdf,Wikimedia Commons / Wikipédia 2022,REC,Éric Zemmour,far_right,18.0,179
2021-10-09,2021-10-13,4503,Ifop-Fiducial,https://www.commission-des-sondages.fr/notices/files/notices/2021/octobre/9224-p-ifop-le-figaro.pdf,Wikimedia Commons / Wikipédia 2022,RN,Marine Le Pen,far_right,18.0,179
2021-10-07,2021-10-13,16228,Ipsos,https://www.commission-des-sondages.fr/notices/files/notices/2021/octobre/9226-p-ipsos-cevipof-lm-v2.pdf,Wikimedia Commons / Wikipédia 2022,DLF,Nicolas Dupont-Aignan,sovereigntist_right,3.0,179
2021-10-07,2021-10-13,16228,Ipsos,https://www.commission-des-sondages.fr/notices/files/notices/2021/octobre/9226-p-ipsos-cevipof-lm-v2.pdf,Wikimedia Commons / Wikipédia 2022,EELV,Yannick Jadot,green,9.5,179
2021-10-07,2021-10-13,16228,Ipsos,https://www.commission-des-sondages.fr/notices/files/notices/2021/octobre/9226-p-ipsos-cevipof-lm-v2.pdf,Wikimedia Commons / Wikipédia 2022,ENS,Emmanuel Macron,centre,25.5,179
2021-10-07,2021-10-13,16228,Ipsos,https://www.commission-des-sondages.fr/notices/files/notices/2021/octobre/9226-p-ipsos-cevipof-lm-v2.pdf,Wikimedia Commons / Wikipédia 2022,LFI,Jean-Luc Mélenchon,left,8.0,179
2021-10-07,2021-10-13,16228,Ipsos,https://www.commission-des-sondages.fr/notices/files/notices/2021/octobre/9226-p-ipsos-cevipof-lm-v2.pdf,Wikimedia Commons / Wikipédia 2022,LR,Valérie Pécresse,right,10.0,179
2021-10-07,2021-10-13,16228,Ipsos,https://www.commission-des-sondages.fr/notices/files/notices/2021/octobre/9226-p-ipsos-cevipof-lm-v2.pdf,Wikimedia Commons / Wikipédia 2022,PCF,Fabien Roussel,left,2.0,179
2021-10-07,2021-10-13,16228,Ipsos,https://www.commission-des-sondages.fr/notices/files/notices/2021/octobre/9226-p-ipsos-cevipof-lm-v2.pdf,Wikimedia Commons / Wikipédia 2022,PS-PP,Anne Hidalgo,centre_left,5.0,179
2021-10-07,2021-10-13,16228,Ipsos,https://www.commission-des-sondages.fr/notices/files/notices/2021/octobre/9226-p-ipsos-cevipof-lm-v2.pdf,Wikimedia Commons / Wikipédia 2022,REC,Éric Zemmour,far_right,16.0,179
2021-10-07,2021-10-13,16228,Ipsos,https://www.commission-des-sondages.fr/notices/files/notices/2021/octobre/9226-p-ipsos-cevipof-lm-v2.pdf,Wikimedia Commons / Wikipédia 2022,RN,Marine Le Pen,far_right,16.0,179
2021-10-14,2021-10-15,1516,Ifop-Fiducial,https://www.ifop.com/wp-content/uploads/2021/10/Presentation-LAZARE-DEF-19.10.2021-18h15.pdf,Wikimedia Commons / Wikipédia 2022,DLF,Nicolas Dupont-Aignan,sovereigntist_right,3.0,177
2021-10-14,2021-10-15,1516,Ifop-Fiducial,https://www.ifop.com/wp-content/uploads/2021/10/Presentation-LAZARE-DEF-19.10.2021-18h15.pdf,Wikimedia Commons / Wikipédia 2022,EELV,Yannick Jadot,green,7.0,177
2021-10-14,2021-10-15,1516,Ifop-Fiducial,https://www.ifop.com/wp-content/uploads/2021/10/Presentation-LAZARE-DEF-19.10.2021-18h15.pdf,Wikimedia Commons / Wikipédia 2022,ENS,Emmanuel Macron,centre,24.0,177
2021-10-14,2021-10-15,1516,Ifop-Fiducial,https://www.ifop.com/wp-content/uploads/2021/10/Presentation-LAZARE-DEF-19.10.2021-18h15.pdf,Wikimedia Commons / Wikipédia 2022,LFI,Jean-Luc Mélenchon,left,8.5,177
2021-10-14,2021-10-15,1516,Ifop-Fiducial,https://www.ifop.com/wp-content/uploads/2021/10/Presentation-LAZARE-DEF-19.10.2021-18h15.pdf,Wikimedia Commons / Wikipédia 2022,LR,Valérie Pécresse,right,10.0,177
2021-10-14,2021-10-15,1516,Ifop-Fiducial,https://www.ifop.com/wp-content/uploads/2021/10/Presentation-LAZARE-DEF-19.10.2021-18h15.pdf,Wikimedia Commons / Wikipédia 2022,PCF,Fabien Roussel,left,2.5,177
2021-10-14,2021-10-15,1516,Ifop-Fiducial,https://www.ifop.com/wp-content/uploads/2021/10/Presentation-LAZARE-DEF-19.10.2021-18h15.pdf,Wikimedia Commons / Wikipédia 2022,PS-PP,Anne Hidalgo,centre_left,6.5,177
2021-10-14,2021-10-15,1516,Ifop-Fiducial,https://www.ifop.com/wp-content/uploads/2021/10/Presentation-LAZARE-DEF-19.10.2021-18h15.pdf,Wikimedia Commons / Wikipédia 2022,REC,Éric Zemmour,far_right,17.0,177
2021-10-14,2021-10-15,1516,Ifop-Fiducial,https://www.ifop.com/wp-content/uploads/2021/10/Presentation-LAZARE-DEF-19.10.2021-18h15.pdf,Wikimedia Commons / Wikipédia 2022,RN,Marine Le Pen,far_right,17.0,177
2021-10-15,2021-10-18,2544,Harris-Interactive,https://harris-interactive.fr/wp-content/uploads/sites/6/2021/10/Rapport-Harris-Vague-18-Intentions-de-vote-Presidentielle-2022-Challenges.pdf,Wikimedia Commons / Wikipédia 2022,DLF,Nicolas Dupont-Aignan,sovereigntist_right,2.0,174
2021-10-15,2021-10-18,2544,Harris-Interactive,https://harris-interactive.fr/wp-content/uploads/sites/6/2021/10/Rapport-Harris-Vague-18-Intentions-de-vote-Presidentielle-2022-Challenges.pdf,Wikimedia Commons / Wikipédia 2022,EELV,Yannick Jadot,green,9.0,174
2021-10-15,2021-10-18,2544,Harris-Interactive,https://harris-interactive.fr/wp-content/uploads/sites/6/2021/10/Rapport-Harris-Vague-18-Intentions-de-vote-Presidentielle-2022-Challenges.pdf,Wikimedia Commons / Wikipédia 2022,ENS,Emmanuel Macron,centre,25.0,174
2021-10-15,2021-10-18,2544,Harris-Interactive,https://harris-interactive.fr/wp-content/uploads/sites/6/2021/10/Rapport-Harris-Vague-18-Intentions-de-vote-Presidentielle-2022-Challenges.pdf,Wikimedia Commons / Wikipédia 2022,LFI,Jean-Luc Mélenchon,left,10.0,174
2021-10-15,2021-10-18,2544,Harris-Interactive,https://harris-interactive.fr/wp-content/uploads/sites/6/2021/10/Rapport-Harris-Vague-18-Intentions-de-vote-Presidentielle-2022-Challenges.pdf,Wikimedia Commons / Wikipédia 2022,LR,Valérie Pécresse,right,10.0,174
2021-10-15,2021-10-18,2544,Harris-Interactive,https://harris-interactive.fr/wp-content/uploads/sites/6/2021/10/Rapport-Harris-Vague-18-Intentions-de-vote-Presidentielle-2022-Challenges.pdf,Wikimedia Commons / Wikipédia 2022,PCF,Fabien Roussel,left,2.0,174
2021-10-15,2021-10-18,2544,Harris-Interactive,https://harris-interactive.fr/wp-content/uploads/sites/6/2021/10/Rapport-Harris-Vague-18-Intentions-de-vote-Presidentielle-2022-Challenges.pdf,Wikimedia Commons / Wikipédia 2022,PS-PP,Anne Hidalgo,centre_left,4.0,174
2021-10-15,2021-10-18,2544,Harris-Interactive,https://harris-interactive.fr/wp-content/uploads/sites/6/2021/10/Rapport-Harris-Vague-18-Intentions-de-vote-Presidentielle-2022-Challenges.pdf,Wikimedia Commons / Wikipédia 2022,REC,Éric Zemmour,far_right,17.0,174
2021-10-15,2021-10-18,2544,Harris-Interactive,https://harris-interactive.fr/wp-content/uploads/sites/6/2021/10/Rapport-Harris-Vague-18-Intentions-de-vote-Presidentielle-2022-Challenges.pdf,Wikimedia Commons / Wikipédia 2022,RN,Marine Le Pen,far_right,16.0,174
2021-10-18,2021-10-20,1066,OpinionWay,https://www.opinion-way.com/fr/component/edocman/opinionway-pour-les-echos-cnews-radio-classique-presitrack-vague-2-octobre-2021/viewdocument/2695.html,Wikimedia Commons / Wikipédia 2022,DLF,Nicolas Dupont-Aignan,sovereigntist_right,3.0,172
2021-10-18,2021-10-20,1066,OpinionWay,https://www.opinion-way.com/fr/component/edocman/opinionway-pour-les-echos-cnews-radio-classique-presitrack-vague-2-octobre-2021/viewdocument/2695.html,Wikimedia Commons / Wikipédia 2022,EELV,Yannick Jadot,green,8.0,172
2021-10-18,2021-10-20,1066,OpinionWay,https://www.opinion-way.com/fr/component/edocman/opinionway-pour-les-echos-cnews-radio-classique-presitrack-vague-2-octobre-2021/viewdocument/2695.html,Wikimedia Commons / Wikipédia 2022,ENS,Emmanuel Macron,centre,25.0,172
2021-10-18,2021-10-20,1066,OpinionWay,https://www.opinion-way.com/fr/component/edocman/opinionway-pour-les-echos-cnews-radio-classique-presitrack-vague-2-octobre-2021/viewdocument/2695.html,Wikimedia Commons / Wikipédia 2022,LFI,Jean-Luc Mélenchon,left,9.0,172
2021-10-18,2021-10-20,1066,OpinionWay,https://www.opinion-way.com/fr/component/edocman/opinionway-pour-les-echos-cnews-radio-classique-presitrack-vague-2-octobre-2021/viewdocument/2695.html,Wikimedia Commons / Wikipédia 2022,LR,Valérie Pécresse,right,8.0,172
2021-10-18,2021-10-20,1066,OpinionWay,https://www.opinion-way.com/fr/component/edocman/opinionway-pour-les-echos-cnews-radio-classique-presitrack-vague-2-octobre-2021/viewdocument/2695.html,Wikimedia Commons / Wikipédia 2022,PCF,Fabien Roussel,left,2.0,172
2021-10-18,2021-10-20,1066,OpinionWay,https://www.opinion-way.com/fr/component/edocman/opinionway-pour-les-echos-cnews-radio-classique-presitrack-vague-2-octobre-2021/viewdocument/2695.html,Wikimedia Commons / Wikipédia 2022,PS-PP,Anne Hidalgo,centre_left,7.0,172
2021-10-18,2021-10-20,1066,OpinionWay,https://www.opinion-way.com/fr/component/edocman/opinionway-pour-les-echos-cnews-radio-classique-presitrack-vague-2-octobre-2021/viewdocument/2695.html,Wikimedia Commons / Wikipédia 2022,REC,Éric Zemmour,far_right,13.0,172
2021-10-18,2021-10-20,1066,OpinionWay,https://www.opinion-way.com/fr/component/edocman/opinionway-pour-les-echos-cnews-radio-classique-presitrack-vague-2-octobre-2021/viewdocument/2695.html,Wikimedia Commons / Wikipédia 2022,RN,Marine Le Pen,far_right,19.0,172
2021-10-22,2021-10-25,2497,Harris-Interactive,https://harris-interactive.fr/wp-content/uploads/sites/6/2021/10/Rapport-Harris-Vague-19-Intentions-de-vote-Presidentielle-2022-Challenges.pdf,Wikimedia Commons / Wikipédia 2022,DLF,Nicolas Dupont-Aignan,sovereigntist_right,2.0,167
2021-10-22,2021-10-25,2497,Harris-Interactive,https://harris-interactive.fr/wp-content/uploads/sites/6/2021/10/Rapport-Harris-Vague-19-Intentions-de-vote-Presidentielle-2022-Challenges.pdf,Wikimedia Commons / Wikipédia 2022,EELV,Yannick Jadot,green,9.0,167
2021-10-22,2021-10-25,2497,Harris-Interactive,https://harris-interactive.fr/wp-content/uploads/sites/6/2021/10/Rapport-Harris-Vague-19-Intentions-de-vote-Presidentielle-2022-Challenges.pdf,Wikimedia Commons / Wikipédia 2022,ENS,Emmanuel Macron,centre,25.0,167
2021-10-22,2021-10-25,2497,Harris-Interactive,https://harris-interactive.fr/wp-content/uploads/sites/6/2021/10/Rapport-Harris-Vague-19-Intentions-de-vote-Presidentielle-2022-Challenges.pdf,Wikimedia Commons / Wikipédia 2022,LFI,Jean-Luc Mélenchon,left,10.0,167
2021-10-22,2021-10-25,2497,Harris-Interactive,https://harris-interactive.fr/wp-content/uploads/sites/6/2021/10/Rapport-Harris-Vague-19-Intentions-de-vote-Presidentielle-2022-Challenges.pdf,Wikimedia Commons / Wikipédia 2022,LR,Valérie Pécresse,right,10.0,167
2021-10-22,2021-10-25,2497,Harris-Interactive,https://harris-interactive.fr/wp-content/uploads/sites/6/2021/10/Rapport-Harris-Vague-19-Intentions-de-vote-Presidentielle-2022-Challenges.pdf,Wikimedia Commons / Wikipédia 2022,PCF,Fabien Roussel,left,2.0,167
2021-10-22,2021-10-25,2497,Harris-Interactive,https://harris-interactive.fr/wp-content/uploads/sites/6/2021/10/Rapport-Harris-Vague-19-Intentions-de-vote-Presidentielle-2022-Challenges.pdf,Wikimedia Commons / Wikipédia 2022,PS-PP,Anne Hidalgo,centre_left,5.0,167
2021-10-22,2021-10-25,2497,Harris-Interactive,https://harris-interactive.fr/wp-content/uploads/sites/6/2021/10/Rapport-Harris-Vague-19-Intentions-de-vote-Presidentielle-2022-Challenges.pdf,Wikimedia Commons / Wikipédia 2022,REC,Éric Zemmour,far_right,17.0,167
2021-10-22,2021-10-25,2497,Harris-Interactive,https://harris-interactive.fr/wp-content/uploads/sites/6/2021/10/Rapport-Harris-Vague-19-Intentions-de-vote-Presidentielle-2022-Challenges.pdf,Wikimedia Commons / Wikipédia 2022,RN,Marine Le Pen,far_right,16.0,167
2021-10-25,2021-10-27,1300,Elabe,https://elabe.fr/wp-content/uploads/2021/10/presidentielle-2022.pdf,Wikimedia Commons / Wikipédia 2022,DLF,Nicolas Dupont-Aignan,sovereigntist_right,2.0,165
2021-10-25,2021-10-27,1300,Elabe,https://elabe.fr/wp-content/uploads/2021/10/presidentielle-2022.pdf,Wikimedia Commons / Wikipédia 2022,EELV,Yannick Jadot,green,8.0,165
2021-10-25,2021-10-27,1300,Elabe,https://elabe.fr/wp-content/uploads/2021/10/presidentielle-2022.pdf,Wikimedia Commons / Wikipédia 2022,ENS,Emmanuel Macron,centre,24.0,165
2021-10-25,2021-10-27,1300,Elabe,https://elabe.fr/wp-content/uploads/2021/10/presidentielle-2022.pdf,Wikimedia Commons / Wikipédia 2022,LFI,Jean-Luc Mélenchon,left,6.0,165
2021-10-25,2021-10-27,1300,Elabe,https://elabe.fr/wp-content/uploads/2021/10/presidentielle-2022.pdf,Wikimedia Commons / Wikipédia 2022,LR,Valérie Pécresse,right,10.0,165
2021-10-25,2021-10-27,1300,Elabe,https://elabe.fr/wp-content/uploads/2021/10/presidentielle-2022.pdf,Wikimedia Commons / Wikipédia 2022,PCF,Fabien Roussel,left,2.0,165
2021-10-25,2021-10-27,1300,Elabe,https://elabe.fr/wp-content/uploads/2021/10/presidentielle-2022.pdf,Wikimedia Commons / Wikipédia 2022,PS-PP,Anne Hidalgo,centre_left,5.0,165
2021-10-25,2021-10-27,1300,Elabe,https://elabe.fr/wp-content/uploads/2021/10/presidentielle-2022.pdf,Wikimedia Commons / Wikipédia 2022,REC,Éric Zemmour,far_right,16.0,165
2021-10-25,2021-10-27,1300,Elabe,https://elabe.fr/wp-content/uploads/2021/10/presidentielle-2022.pdf,Wikimedia Commons / Wikipédia 2022,RN,Marine Le Pen,far_right,19.0,165
2021-10-28,2021-10-30,2505,Harris-Interactive,https://harris-interactive.fr/wp-content/uploads/sites/6/2021/11/Rapport-Harris-Vague-20-Intentions-de-vote-Presidentielle-2022-Challenges.pdf,Wikimedia Commons / Wikipédia 2022,DLF,Nicolas Dupont-Aignan,sovereigntist_right,2.0,162
2021-10-28,2021-10-30,2505,Harris-Interactive,https://harris-interactive.fr/wp-content/uploads/sites/6/2021/11/Rapport-Harris-Vague-20-Intentions-de-vote-Presidentielle-2022-Challenges.pdf,Wikimedia Commons / Wikipédia 2022,EELV,Yannick Jadot,green,9.0,162
2021-10-28,2021-10-30,2505,Harris-Interactive,https://harris-interactive.fr/wp-content/uploads/sites/6/2021/11/Rapport-Harris-Vague-20-Intentions-de-vote-Presidentielle-2022-Challenges.pdf,Wikimedia Commons / Wikipédia 2022,ENS,Emmanuel Macron,centre,24.0,162
2021-10-28,2021-10-30,2505,Harris-Interactive,https://harris-interactive.fr/wp-content/uploads/sites/6/2021/11/Rapport-Harris-Vague-20-Intentions-de-vote-Presidentielle-2022-Challenges.pdf,Wikimedia Commons / Wikipédia 2022,LFI,Jean-Luc Mélenchon,left,10.0,162
2021-10-28,2021-10-30,2505,Harris-Interactive,https://harris-interactive.fr/wp-content/uploads/sites/6/2021/11/Rapport-Harris-Vague-20-Intentions-de-vote-Presidentielle-2022-Challenges.pdf,Wikimedia Commons / Wikipédia 2022,LR,Valérie Pécresse,right,10.0,162
2021-10-28,2021-10-30,2505,Harris-Interactive,https://harris-interactive.fr/wp-content/uploads/sites/6/2021/11/Rapport-Harris-Vague-20-Intentions-de-vote-Presidentielle-2022-Challenges.pdf,Wikimedia Commons / Wikipédia 2022,PCF,Fabien Roussel,left,2.0,162
2021-10-28,2021-10-30,2505,Harris-Interactive,https://harris-interactive.fr/wp-content/uploads/sites/6/2021/11/Rapport-Harris-Vague-20-Intentions-de-vote-Presidentielle-2022-Challenges.pdf,Wikimedia Commons / Wikipédia 2022,PS-PP,Anne Hidalgo,centre_left,5.0,162
2021-10-28,2021-10-30,2505,Harris-Interactive,https://harris-interactive.fr/wp-content/uploads/sites/6/2021/11/Rapport-Harris-Vague-20-Intentions-de-vote-Presidentielle-2022-Challenges.pdf,Wikimedia Commons / Wikipédia 2022,REC,Éric Zemmour,far_right,17.0,162
2021-10-28,2021-10-30,2505,Harris-Interactive,https://harris-interactive.fr/wp-content/uploads/sites/6/2021/11/Rapport-Harris-Vague-20-Intentions-de-vote-Presidentielle-2022-Challenges.pdf,Wikimedia Commons / Wikipédia 2022,RN,Marine Le Pen,far_right,16.0,162
2021-11-03,2021-11-05,1358,Ifop-Fiducial,https://www.ifop.com/wp-content/uploads/2021/11/118574_Ifop_Rapport_Baro_Presid.V6..pdf,Wikimedia Commons / Wikipédia 2022,DLF,Nicolas Dupont-Aignan,sovereigntist_right,3.5,156
2021-11-03,2021-11-05,1358,Ifop-Fiducial,https://www.ifop.com/wp-content/uploads/2021/11/118574_Ifop_Rapport_Baro_Presid.V6..pdf,Wikimedia Commons / Wikipédia 2022,EELV,Yannick Jadot,green,7.0,156
2021-11-03,2021-11-05,1358,Ifop-Fiducial,https://www.ifop.com/wp-content/uploads/2021/11/118574_Ifop_Rapport_Baro_Presid.V6..pdf,Wikimedia Commons / Wikipédia 2022,ENS,Emmanuel Macron,centre,26.0,156
2021-11-03,2021-11-05,1358,Ifop-Fiducial,https://www.ifop.com/wp-content/uploads/2021/11/118574_Ifop_Rapport_Baro_Presid.V6..pdf,Wikimedia Commons / Wikipédia 2022,LFI,Jean-Luc Mélenchon,left,8.0,156
2021-11-03,2021-11-05,1358,Ifop-Fiducial,https://www.ifop.com/wp-content/uploads/2021/11/118574_Ifop_Rapport_Baro_Presid.V6..pdf,Wikimedia Commons / Wikipédia 2022,LR,Valérie Pécresse,right,9.0,156
2021-11-03,2021-11-05,1358,Ifop-Fiducial,https://www.ifop.com/wp-content/uploads/2021/11/118574_Ifop_Rapport_Baro_Presid.V6..pdf,Wikimedia Commons / Wikipédia 2022,PCF,Fabien Roussel,left,2.0,156
2021-11-03,2021-11-05,1358,Ifop-Fiducial,https://www.ifop.com/wp-content/uploads/2021/11/118574_Ifop_Rapport_Baro_Presid.V6..pdf,Wikimedia Commons / Wikipédia 2022,PS-PP,Anne Hidalgo,centre_left,6.0,156
2021-11-03,2021-11-05,1358,Ifop-Fiducial,https://www.ifop.com/wp-content/uploads/2021/11/118574_Ifop_Rapport_Baro_Presid.V6..pdf,Wikimedia Commons / Wikipédia 2022,REC,Éric Zemmour,far_right,16.5,156
2021-11-03,2021-11-05,1358,Ifop-Fiducial,https://www.ifop.com/wp-content/uploads/2021/11/118574_Ifop_Rapport_Baro_Presid.V6..pdf,Wikimedia Commons / Wikipédia 2022,RN,Marine Le Pen,far_right,16.5,156
2021-11-05,2021-11-08,2569,Harris-Interactive,https://harris-interactive.fr/wp-content/uploads/sites/6/2021/11/Rapport-Harris-Vague-21-Intentions-de-vote-Presidentielle-2022-Challenges.pdf,Wikimedia Commons / Wikipédia 2022,DLF,Nicolas Dupont-Aignan,sovereigntist_right,2.0,153
2021-11-05,2021-11-08,2569,Harris-Interactive,https://harris-interactive.fr/wp-content/uploads/sites/6/2021/11/Rapport-Harris-Vague-21-Intentions-de-vote-Presidentielle-2022-Challenges.pdf,Wikimedia Commons / Wikipédia 2022,EELV,Yannick Jadot,green,9.0,153
2021-11-05,2021-11-08,2569,Harris-Interactive,https://harris-interactive.fr/wp-content/uploads/sites/6/2021/11/Rapport-Harris-Vague-21-Intentions-de-vote-Presidentielle-2022-Challenges.pdf,Wikimedia Commons / Wikipédia 2022,ENS,Emmanuel Macron,centre,24.0,153
2021-11-05,2021-11-08,2569,Harris-Interactive,https://harris-interactive.fr/wp-content/uploads/sites/6/2021/11/Rapport-Harris-Vague-21-Intentions-de-vote-Presidentielle-2022-Challenges.pdf,Wikimedia Commons / Wikipédia 2022,LFI,Jean-Luc Mélenchon,left,10.0,153
2021-11-05,2021-11-08,2569,Harris-Interactive,https://harris-interactive.fr/wp-content/uploads/sites/6/2021/11/Rapport-Harris-Vague-21-Intentions-de-vote-Presidentielle-2022-Challenges.pdf,Wikimedia Commons / Wikipédia 2022,LR,Valérie Pécresse,right,10.0,153
2021-11-05,2021-11-08,2569,Harris-Interactive,https://harris-interactive.fr/wp-content/uploads/sites/6/2021/11/Rapport-Harris-Vague-21-Intentions-de-vote-Presidentielle-2022-Challenges.pdf,Wikimedia Commons / Wikipédia 2022,PCF,Fabien Roussel,left,2.0,153
2021-11-05,2021-11-08,2569,Harris-Interactive,https://harris-interactive.fr/wp-content/uploads/sites/6/2021/11/Rapport-Harris-Vague-21-Intentions-de-vote-Presidentielle-2022-Challenges.pdf,Wikimedia Commons / Wikipédia 2022,PS-PP,Anne Hidalgo,centre_left,4.0,153
2021-11-05,2021-11-08,2569,Harris-Interactive,https://harris-interactive.fr/wp-content/uploads/sites/6/2021/11/Rapport-Harris-Vague-21-Intentions-de-vote-Presidentielle-2022-Challenges.pdf,Wikimedia Commons / Wikipédia 2022,REC,Éric Zemmour,far_right,18.0,153
2021-11-05,2021-11-08,2569,Harris-Interactive,https://harris-interactive.fr/wp-content/uploads/sites/6/2021/11/Rapport-Harris-Vague-21-Intentions-de-vote-Presidentielle-2022-Challenges.pdf,Wikimedia Commons / Wikipédia 2022,RN,Marine Le Pen,far_right,16.0,153
2021-11-05,2021-11-08,3005,Odoxa,https://www.odoxa.fr/sondage/zemmour-recule-macron-domine-les-electeurs-de-gauche-se-sentent-abandonnes/,Wikimedia Commons / Wikipédia 2022,DLF,Nicolas Dupont-Aignan,sovereigntist_right,4.0,153
2021-11-05,2021-11-08,3005,Odoxa,https://www.odoxa.fr/sondage/zemmour-recule-macron-domine-les-electeurs-de-gauche-se-sentent-abandonnes/,Wikimedia Commons / Wikipédia 2022,EELV,Yannick Jadot,green,6.5,153
2021-11-05,2021-11-08,3005,Odoxa,https://www.odoxa.fr/sondage/zemmour-recule-macron-domine-les-electeurs-de-gauche-se-sentent-abandonnes/,Wikimedia Commons / Wikipédia 2022,ENS,Emmanuel Macron,centre,25.0,153
2021-11-05,2021-11-08,3005,Odoxa,https://www.odoxa.fr/sondage/zemmour-recule-macron-domine-les-electeurs-de-gauche-se-sentent-abandonnes/,Wikimedia Commons / Wikipédia 2022,LFI,Jean-Luc Mélenchon,left,8.5,153
2021-11-05,2021-11-08,3005,Odoxa,https://www.odoxa.fr/sondage/zemmour-recule-macron-domine-les-electeurs-de-gauche-se-sentent-abandonnes/,Wikimedia Commons / Wikipédia 2022,LR,Valérie Pécresse,right,9.0,153
2021-11-05,2021-11-08,3005,Odoxa,https://www.odoxa.fr/sondage/zemmour-recule-macron-domine-les-electeurs-de-gauche-se-sentent-abandonnes/,Wikimedia Commons / Wikipédia 2022,PCF,Fabien Roussel,left,2.0,153
2021-11-05,2021-11-08,3005,Odoxa,https://www.odoxa.fr/sondage/zemmour-recule-macron-domine-les-electeurs-de-gauche-se-sentent-abandonnes/,Wikimedia Commons / Wikipédia 2022,PS-PP,Anne Hidalgo,centre_left,5.0,153
2021-11-05,2021-11-08,3005,Odoxa,https://www.odoxa.fr/sondage/zemmour-recule-macron-domine-les-electeurs-de-gauche-se-sentent-abandonnes/,Wikimedia Commons / Wikipédia 2022,REC,Éric Zemmour,far_right,14.5,153
2021-11-05,2021-11-08,3005,Odoxa,https://www.odoxa.fr/sondage/zemmour-recule-macron-domine-les-electeurs-de-gauche-se-sentent-abandonnes/,Wikimedia Commons / Wikipédia 2022,RN,Marine Le Pen,far_right,18.5,153
2021-11-10,2021-11-11,1484,Elabe,https://elabe.fr/presidentielle2022-et-candidats-lr/,Wikimedia Commons / Wikipédia 2022,DLF,Nicolas Dupont-Aignan,sovereigntist_right,2.0,150
2021-11-10,2021-11-11,1484,Elabe,https://elabe.fr/presidentielle2022-et-candidats-lr/,Wikimedia Commons / Wikipédia 2022,EELV,Yannick Jadot,green,7.0,150
2021-11-10,2021-11-11,1484,Elabe,https://elabe.fr/presidentielle2022-et-candidats-lr/,Wikimedia Commons / Wikipédia 2022,ENS,Emmanuel Macron,centre,27.0,150
2021-11-10,2021-11-11,1484,Elabe,https://elabe.fr/presidentielle2022-et-candidats-lr/,Wikimedia Commons / Wikipédia 2022,LFI,Jean-Luc Mélenchon,left,8.0,150
2021-11-10,2021-11-11,1484,Elabe,https://elabe.fr/presidentielle2022-et-candidats-lr/,Wikimedia Commons / Wikipédia 2022,LR,Valérie Pécresse,right,11.0,150
2021-11-10,2021-11-11,1484,Elabe,https://elabe.fr/presidentielle2022-et-candidats-lr/,Wikimedia Commons / Wikipédia 2022,PCF,Fabien Roussel,left,2.0,150
2021-11-10,2021-11-11,1484,Elabe,https://elabe.fr/presidentielle2022-et-candidats-lr/,Wikimedia Commons / Wikipédia 2022,PS-PP,Anne Hidalgo,centre_left,5.0,150
2021-11-10,2021-11-11,1484,Elabe,https://elabe.fr/presidentielle2022-et-candidats-lr/,Wikimedia Commons / Wikipédia 2022,REC,Éric Zemmour,far_right,14.0,150
2021-11-10,2021-11-11,1484,Elabe,https://elabe.fr/presidentielle2022-et-candidats-lr/,Wikimedia Commons / Wikipédia 2022,RN,Marine Le Pen,far_right,18.0,150
2021-11-12,2021-11-15,1502,BVA,https://presidentielle2022.bva-group.com/wp-content/uploads/2021/11/BVA-RTL-Orange-Presidentielle-2022-Vague-2-IV-191121-1.pdf,Wikimedia Commons / Wikipédia 2022,DLF,Nicolas Dupont-Aignan,sovereigntist_right,2.5,146
2021-11-12,2021-11-15,1502,BVA,https://presidentielle2022.bva-group.com/wp-content/uploads/2021/11/BVA-RTL-Orange-Presidentielle-2022-Vague-2-IV-191121-1.pdf,Wikimedia Commons / Wikipédia 2022,EELV,Yannick Jadot,green,8.0,146
2021-11-12,2021-11-15,1502,BVA,https://presidentielle2022.bva-group.com/wp-content/uploads/2021/11/BVA-RTL-Orange-Presidentielle-2022-Vague-2-IV-191121-1.pdf,Wikimedia Commons / Wikipédia 2022,ENS,Emmanuel Macron,centre,26.0,146
2021-11-12,2021-11-15,1502,BVA,https://presidentielle2022.bva-group.com/wp-content/uploads/2021/11/BVA-RTL-Orange-Presidentielle-2022-Vague-2-IV-191121-1.pdf,Wikimedia Commons / Wikipédia 2022,LFI,Jean-Luc Mélenchon,left,7.5,146
2021-11-12,2021-11-15,1502,BVA,https://presidentielle2022.bva-group.com/wp-content/uploads/2021/11/BVA-RTL-Orange-Presidentielle-2022-Vague-2-IV-191121-1.pdf,Wikimedia Commons / Wikipédia 2022,LR,Valérie Pécresse,right,9.0,146
2021-11-12,2021-11-15,1502,BVA,https://presidentielle2022.bva-group.com/wp-content/uploads/2021/11/BVA-RTL-Orange-Presidentielle-2022-Vague-2-IV-191121-1.pdf,Wikimedia Commons / Wikipédia 2022,PCF,Fabien Roussel,left,2.5,146
2021-11-12,2021-11-15,1502,BVA,https://presidentielle2022.bva-group.com/wp-content/uploads/2021/11/BVA-RTL-Orange-Presidentielle-2022-Vague-2-IV-191121-1.pdf,Wikimedia Commons / Wikipédia 2022,PS-PP,Anne Hidalgo,centre_left,5.0,146
2021-11-12,2021-11-15,1502,BVA,https://presidentielle2022.bva-group.com/wp-content/uploads/2021/11/BVA-RTL-Orange-Presidentielle-2022-Vague-2-IV-191121-1.pdf,Wikimedia Commons / Wikipédia 2022,REC,Éric Zemmour,far_right,15.0,146
2021-11-12,2021-11-15,1502,BVA,https://presidentielle2022.bva-group.com/wp-content/uploads/2021/11/BVA-RTL-Orange-Presidentielle-2022-Vague-2-IV-191121-1.pdf,Wikimedia Commons / Wikipédia 2022,RN,Marine Le Pen,far_right,18.0,146
2021-11-12,2021-11-15,2609,Harris-Interactive,https://harris-interactive.fr/wp-content/uploads/sites/6/2021/11/T7XJ65-Q8ZBH4-22.pdf,Wikimedia Commons / Wikipédia 2022,DLF,Nicolas Dupont-Aignan,sovereigntist_right,2.0,146
2021-11-12,2021-11-15,2609,Harris-Interactive,https://harris-interactive.fr/wp-content/uploads/sites/6/2021/11/T7XJ65-Q8ZBH4-22.pdf,Wikimedia Commons / Wikipédia 2022,EELV,Yannick Jadot,green,9.0,146
2021-11-12,2021-11-15,2609,Harris-Interactive,https://harris-interactive.fr/wp-content/uploads/sites/6/2021/11/T7XJ65-Q8ZBH4-22.pdf,Wikimedia Commons / Wikipédia 2022,ENS,Emmanuel Macron,centre,24.0,146
2021-11-12,2021-11-15,2609,Harris-Interactive,https://harris-interactive.fr/wp-content/uploads/sites/6/2021/11/T7XJ65-Q8ZBH4-22.pdf,Wikimedia Commons / Wikipédia 2022,LFI,Jean-Luc Mélenchon,left,10.0,146
2021-11-12,2021-11-15,2609,Harris-Interactive,https://harris-interactive.fr/wp-content/uploads/sites/6/2021/11/T7XJ65-Q8ZBH4-22.pdf,Wikimedia Commons / Wikipédia 2022,LR,Valérie Pécresse,right,10.0,146
2021-11-12,2021-11-15,2609,Harris-Interactive,https://harris-interactive.fr/wp-content/uploads/sites/6/2021/11/T7XJ65-Q8ZBH4-22.pdf,Wikimedia Commons / Wikipédia 2022,PCF,Fabien Roussel,left,2.0,146
2021-11-12,2021-11-15,2609,Harris-Interactive,https://harris-interactive.fr/wp-content/uploads/sites/6/2021/11/T7XJ65-Q8ZBH4-22.pdf,Wikimedia Commons / Wikipédia 2022,PS-PP,Anne Hidalgo,centre_left,4.0,146
2021-11-12,2021-11-15,2609,Harris-Interactive,https://harris-interactive.fr/wp-content/uploads/sites/6/2021/11/T7XJ65-Q8ZBH4-22.pdf,Wikimedia Commons / Wikipédia 2022,REC,Éric Zemmour,far_right,17.0,146
2021-11-12,2021-11-15,2609,Harris-Interactive,https://harris-interactive.fr/wp-content/uploads/sites/6/2021/11/T7XJ65-Q8ZBH4-22.pdf,Wikimedia Commons / Wikipédia 2022,RN,Marine Le Pen,far_right,16.0,146
2021-11-15,2021-11-17,1521,OpinionWay,https://www.opinion-way.com/fr/sondage-d-opinion/sondages-publies/opinionway-pour-les-echos-cnews-radio-classique-presitrack-vague-3-novembre-2021/viewdocument/2715.html,Wikimedia Commons / Wikipédia 2022,DLF,Nicolas Dupont-Aignan,sovereigntist_right,3.0,144
2021-11-15,2021-11-17,1521,OpinionWay,https://www.opinion-way.com/fr/sondage-d-opinion/sondages-publies/opinionway-pour-les-echos-cnews-radio-classique-presitrack-vague-3-novembre-2021/viewdocument/2715.html,Wikimedia Commons / Wikipédia 2022,EELV,Yannick Jadot,green,8.0,144
2021-11-15,2021-11-17,1521,OpinionWay,https://www.opinion-way.com/fr/sondage-d-opinion/sondages-publies/opinionway-pour-les-echos-cnews-radio-classique-presitrack-vague-3-novembre-2021/viewdocument/2715.html,Wikimedia Commons / Wikipédia 2022,ENS,Emmanuel Macron,centre,24.0,144
2021-11-15,2021-11-17,1521,OpinionWay,https://www.opinion-way.com/fr/sondage-d-opinion/sondages-publies/opinionway-pour-les-echos-cnews-radio-classique-presitrack-vague-3-novembre-2021/viewdocument/2715.html,Wikimedia Commons / Wikipédia 2022,LFI,Jean-Luc Mélenchon,left,9.0,144
2021-11-15,2021-11-17,1521,OpinionWay,https://www.opinion-way.com/fr/sondage-d-opinion/sondages-publies/opinionway-pour-les-echos-cnews-radio-classique-presitrack-vague-3-novembre-2021/viewdocument/2715.html,Wikimedia Commons / Wikipédia 2022,LR,Valérie Pécresse,right,11.0,144
2021-11-15,2021-11-17,1521,OpinionWay,https://www.opinion-way.com/fr/sondage-d-opinion/sondages-publies/opinionway-pour-les-echos-cnews-radio-classique-presitrack-vague-3-novembre-2021/viewdocument/2715.html,Wikimedia Commons / Wikipédia 2022,PCF,Fabien Roussel,left,2.0,144
2021-11-15,2021-11-17,1521,OpinionWay,https://www.opinion-way.com/fr/sondage-d-opinion/sondages-publies/opinionway-pour-les-echos-cnews-radio-classique-presitrack-vague-3-novembre-2021/viewdocument/2715.html,Wikimedia Commons / Wikipédia 2022,PS-PP,Anne Hidalgo,centre_left,6.0,144
2021-11-15,2021-11-17,1521,OpinionWay,https://www.opinion-way.com/fr/sondage-d-opinion/sondages-publies/opinionway-pour-les-echos-cnews-radio-classique-presitrack-vague-3-novembre-2021/viewdocument/2715.html,Wikimedia Commons / Wikipédia 2022,REC,Éric Zemmour,far_right,12.0,144
2021-11-15,2021-11-17,1521,OpinionWay,https://www.opinion-way.com/fr/sondage-d-opinion/sondages-publies/opinionway-pour-les-echos-cnews-radio-classique-presitrack-vague-3-novembre-2021/viewdocument/2715.html,Wikimedia Commons / Wikipédia 2022,RN,Marine Le Pen,far_right,20.0,144
2021-11-19,2021-11-22,2624,Harris-Interactive,https://harris-interactive.fr/wp-content/uploads/sites/6/2021/11/DGTENVF-AX5.pdf,Wikimedia Commons / Wikipédia 2022,DLF,Nicolas Dupont-Aignan,sovereigntist_right,2.0,139
2021-11-19,2021-11-22,2624,Harris-Interactive,https://harris-interactive.fr/wp-content/uploads/sites/6/2021/11/DGTENVF-AX5.pdf,Wikimedia Commons / Wikipédia 2022,EELV,Yannick Jadot,green,9.0,139
2021-11-19,2021-11-22,2624,Harris-Interactive,https://harris-interactive.fr/wp-content/uploads/sites/6/2021/11/DGTENVF-AX5.pdf,Wikimedia Commons / Wikipédia 2022,ENS,Emmanuel Macron,centre,24.0,139
2021-11-19,2021-11-22,2624,Harris-Interactive,https://harris-interactive.fr/wp-content/uploads/sites/6/2021/11/DGTENVF-AX5.pdf,Wikimedia Commons / Wikipédia 2022,LFI,Jean-Luc Mélenchon,left,10.0,139
2021-11-19,2021-11-22,2624,Harris-Interactive,https://harris-interactive.fr/wp-content/uploads/sites/6/2021/11/DGTENVF-AX5.pdf,Wikimedia Commons / Wikipédia 2022,LR,Valérie Pécresse,right,11.0,139
2021-11-19,2021-11-22,2624,Harris-Interactive,https://harris-interactive.fr/wp-content/uploads/sites/6/2021/11/DGTENVF-AX5.pdf,Wikimedia Commons / Wikipédia 2022,PCF,Fabien Roussel,left,2.0,139
2021-11-19,2021-11-22,2624,Harris-Interactive,https://harris-interactive.fr/wp-content/uploads/sites/6/2021/11/DGTENVF-AX5.pdf,Wikimedia Commons / Wikipédia 2022,PS-PP,Anne Hidalgo,centre_left,5.0,139
2021-11-19,2021-11-22,2624,Harris-Interactive,https://harris-interactive.fr/wp-content/uploads/sites/6/2021/11/DGTENVF-AX5.pdf,Wikimedia Commons / Wikipédia 2022,REC,Éric Zemmour,far_right,16.0,139
2021-11-19,2021-11-22,2624,Harris-Interactive,https://harris-interactive.fr/wp-content/uploads/sites/6/2021/11/DGTENVF-AX5.pdf,Wikimedia Commons / Wikipédia 2022,RN,Marine Le Pen,far_right,16.0,139
2021-11-23,2021-11-24,1491,Elabe,https://elabe.fr/wp-content/uploads/2021/11/opinion-2022.pdf,Wikimedia Commons / Wikipédia 2022,DLF,Nicolas Dupont-Aignan,sovereigntist_right,3.0,137
2021-11-23,2021-11-24,1491,Elabe,https://elabe.fr/wp-content/uploads/2021/11/opinion-2022.pdf,Wikimedia Commons / Wikipédia 2022,EELV,Yannick Jadot,green,8.0,137
2021-11-23,2021-11-24,1491,Elabe,https://elabe.fr/wp-content/uploads/2021/11/opinion-2022.pdf,Wikimedia Commons / Wikipédia 2022,ENS,Emmanuel Macron,centre,25.0,137
2021-11-23,2021-11-24,1491,Elabe,https://elabe.fr/wp-content/uploads/2021/11/opinion-2022.pdf,Wikimedia Commons / Wikipédia 2022,LFI,Jean-Luc Mélenchon,left,9.0,137
2021-11-23,2021-11-24,1491,Elabe,https://elabe.fr/wp-content/uploads/2021/11/opinion-2022.pdf,Wikimedia Commons / Wikipédia 2022,LR,Valérie Pécresse,right,9.0,137
2021-11-23,2021-11-24,1491,Elabe,https://elabe.fr/wp-content/uploads/2021/11/opinion-2022.pdf,Wikimedia Commons / Wikipédia 2022,PCF,Fabien Roussel,left,2.0,137
2021-11-23,2021-11-24,1491,Elabe,https://elabe.fr/wp-content/uploads/2021/11/opinion-2022.pdf,Wikimedia Commons / Wikipédia 2022,PS-PP,Anne Hidalgo,centre_left,4.0,137
2021-11-23,2021-11-24,1491,Elabe,https://elabe.fr/wp-content/uploads/2021/11/opinion-2022.pdf,Wikimedia Commons / Wikipédia 2022,REC,Éric Zemmour,far_right,13.0,137
2021-11-23,2021-11-24,1491,Elabe,https://elabe.fr/wp-content/uploads/2021/11/opinion-2022.pdf,Wikimedia Commons / Wikipédia 2022,RN,Marine Le Pen,far_right,20.0,137
2021-11-23,2021-11-25,1351,Ifop,https://www.ifop.com/wp-content/uploads/2021/11/117825-Rapport-IV-presid..pdf,Wikimedia Commons / Wikipédia 2022,DLF,Nicolas Dupont-Aignan,sovereigntist_right,4.0,136
2021-11-23,2021-11-25,1351,Ifop,https://www.ifop.com/wp-content/uploads/2021/11/117825-Rapport-IV-presid..pdf,Wikimedia Commons / Wikipédia 2022,EELV,Yannick Jadot,green,6.5,136
2021-11-23,2021-11-25,1351,Ifop,https://www.ifop.com/wp-content/uploads/2021/11/117825-Rapport-IV-presid..pdf,Wikimedia Commons / Wikipédia 2022,ENS,Emmanuel Macron,centre,25.0,136
2021-11-23,2021-11-25,1351,Ifop,https://www.ifop.com/wp-content/uploads/2021/11/117825-Rapport-IV-presid..pdf,Wikimedia Commons / Wikipédia 2022,LFI,Jean-Luc Mélenchon,left,8.5,136
2021-11-23,2021-11-25,1351,Ifop,https://www.ifop.com/wp-content/uploads/2021/11/117825-Rapport-IV-presid..pdf,Wikimedia Commons / Wikipédia 2022,LR,Valérie Pécresse,right,10.0,136
2021-11-23,2021-11-25,1351,Ifop,https://www.ifop.com/wp-content/uploads/2021/11/117825-Rapport-IV-presid..pdf,Wikimedia Commons / Wikipédia 2022,PCF,Fabien Roussel,left,2.0,136
2021-11-23,2021-11-25,1351,Ifop,https://www.ifop.com/wp-content/uploads/2021/11/117825-Rapport-IV-presid..pdf,Wikimedia Commons / Wikipédia 2022,PS-PP,Anne Hidalgo,centre_left,6.0,136
2021-11-23,2021-11-25,1351,Ifop,https://www.ifop.com/wp-content/uploads/2021/11/117825-Rapport-IV-presid..pdf,Wikimedia Commons / Wikipédia 2022,REC,Éric Zemmour,far_right,15.0,136
2021-11-23,2021-11-25,1351,Ifop,https://www.ifop.com/wp-content/uploads/2021/11/117825-Rapport-IV-presid..pdf,Wikimedia Commons / Wikipédia 2022,RN,Marine Le Pen,far_right,19.5,136
2021-11-26,2021-11-29,2601,Harris-Interactive,https://harris-interactive.fr/wp-content/uploads/sites/6/2021/11/HVBTA-X43.pdf,Wikimedia Commons / Wikipédia 2022,DLF,Nicolas Dupont-Aignan,sovereigntist_right,2.0,132
2021-11-26,2021-11-29,2601,Harris-Interactive,https://harris-interactive.fr/wp-content/uploads/sites/6/2021/11/HVBTA-X43.pdf,Wikimedia Commons / Wikipédia 2022,EELV,Yannick Jadot,green,8.0,132
2021-11-26,2021-11-29,2601,Harris-Interactive,https://harris-interactive.fr/wp-content/uploads/sites/6/2021/11/HVBTA-X43.pdf,Wikimedia Commons / Wikipédia 2022,ENS,Emmanuel Macron,centre,24.0,132
2021-11-26,2021-11-29,2601,Harris-Interactive,https://harris-interactive.fr/wp-content/uploads/sites/6/2021/11/HVBTA-X43.pdf,Wikimedia Commons / Wikipédia 2022,LFI,Jean-Luc Mélenchon,left,10.0,132
2021-11-26,2021-11-29,2601,Harris-Interactive,https://harris-interactive.fr/wp-content/uploads/sites/6/2021/11/HVBTA-X43.pdf,Wikimedia Commons / Wikipédia 2022,LR,Valérie Pécresse,right,11.0,132
2021-11-26,2021-11-29,2601,Harris-Interactive,https://harris-interactive.fr/wp-content/uploads/sites/6/2021/11/HVBTA-X43.pdf,Wikimedia Commons / Wikipédia 2022,PCF,Fabien Roussel,left,2.0,132
2021-11-26,2021-11-29,2601,Harris-Interactive,https://harris-interactive.fr/wp-content/uploads/sites/6/2021/11/HVBTA-X43.pdf,Wikimedia Commons / Wikipédia 2022,PS-PP,Anne Hidalgo,centre_left,5.0,132
2021-11-26,2021-11-29,2601,Harris-Interactive,https://harris-interactive.fr/wp-content/uploads/sites/6/2021/11/HVBTA-X43.pdf,Wikimedia Commons / Wikipédia 2022,REC,Éric Zemmour,far_right,13.0,132
2021-11-26,2021-11-29,2601,Harris-Interactive,https://harris-interactive.fr/wp-content/uploads/sites/6/2021/11/HVBTA-X43.pdf,Wikimedia Commons / Wikipédia 2022,RN,Marine Le Pen,far_right,20.0,132
2021-12-03,2021-12-06,2613,Harris-Interactive,https://harris-interactive.fr/wp-content/uploads/sites/6/2021/12/GJTDKD-021R.pdf,Wikimedia Commons / Wikipédia 2022,DLF,Nicolas Dupont-Aignan,sovereigntist_right,2.0,125
2021-12-03,2021-12-06,2613,Harris-Interactive,https://harris-interactive.fr/wp-content/uploads/sites/6/2021/12/GJTDKD-021R.pdf,Wikimedia Commons / Wikipédia 2022,EELV,Yannick Jadot,green,7.0,125
2021-12-03,2021-12-06,2613,Harris-Interactive,https://harris-interactive.fr/wp-content/uploads/sites/6/2021/12/GJTDKD-021R.pdf,Wikimedia Commons / Wikipédia 2022,ENS,Emmanuel Macron,centre,23.0,125
2021-12-03,2021-12-06,2613,Harris-Interactive,https://harris-interactive.fr/wp-content/uploads/sites/6/2021/12/GJTDKD-021R.pdf,Wikimedia Commons / Wikipédia 2022,LFI,Jean-Luc Mélenchon,left,11.0,125
2021-12-03,2021-12-06,2613,Harris-Interactive,https://harris-interactive.fr/wp-content/uploads/sites/6/2021/12/GJTDKD-021R.pdf,Wikimedia Commons / Wikipédia 2022,LR,Valérie Pécresse,right,14.0,125
2021-12-03,2021-12-06,2613,Harris-Interactive,https://harris-interactive.fr/wp-content/uploads/sites/6/2021/12/GJTDKD-021R.pdf,Wikimedia Commons / Wikipédia 2022,PCF,Fabien Roussel,left,2.0,125
2021-12-03,2021-12-06,2613,Harris-Interactive,https://harris-interactive.fr/wp-content/uploads/sites/6/2021/12/GJTDKD-021R.pdf,Wikimedia Commons / Wikipédia 2022,PS-PP,Anne Hidalgo,centre_left,5.0,125
2021-12-03,2021-12-06,2613,Harris-Interactive,https://harris-interactive.fr/wp-content/uploads/sites/6/2021/12/GJTDKD-021R.pdf,Wikimedia Commons / Wikipédia 2022,REC,Éric Zemmour,far_right,14.0,125
2021-12-03,2021-12-06,2613,Harris-Interactive,https://harris-interactive.fr/wp-content/uploads/sites/6/2021/12/GJTDKD-021R.pdf,Wikimedia Commons / Wikipédia 2022,RN,Marine Le Pen,far_right,18.0,125
2021-12-04,2021-12-06,1341,Ifop,https://www.ifop.com/wp-content/uploads/2021/12/118657_Ifop_Rapport_Baro_Presid.V7..pdf,Wikimedia Commons / Wikipédia 2022,DLF,Nicolas Dupont-Aignan,sovereigntist_right,2.5,125
2021-12-04,2021-12-06,1341,Ifop,https://www.ifop.com/wp-content/uploads/2021/12/118657_Ifop_Rapport_Baro_Presid.V7..pdf,Wikimedia Commons / Wikipédia 2022,EELV,Yannick Jadot,green,6.0,125
2021-12-04,2021-12-06,1341,Ifop,https://www.ifop.com/wp-content/uploads/2021/12/118657_Ifop_Rapport_Baro_Presid.V7..pdf,Wikimedia Commons / Wikipédia 2022,ENS,Emmanuel Macron,centre,25.0,125
2021-12-04,2021-12-06,1341,Ifop,https://www.ifop.com/wp-content/uploads/2021/12/118657_Ifop_Rapport_Baro_Presid.V7..pdf,Wikimedia Commons / Wikipédia 2022,LFI,Jean-Luc Mélenchon,left,9.0,125
2021-12-04,2021-12-06,1341,Ifop,https://www.ifop.com/wp-content/uploads/2021/12/118657_Ifop_Rapport_Baro_Presid.V7..pdf,Wikimedia Commons / Wikipédia 2022,LR,Valérie Pécresse,right,17.0,125
2021-12-04,2021-12-06,1341,Ifop,https://www.ifop.com/wp-content/uploads/2021/12/118657_Ifop_Rapport_Baro_Presid.V7..pdf,Wikimedia Commons / Wikipédia 2022,PCF,Fabien Roussel,left,2.5,125
2021-12-04,2021-12-06,1341,Ifop,https://www.ifop.com/wp-content/uploads/2021/12/118657_Ifop_Rapport_Baro_Presid.V7..pdf,Wikimedia Commons / Wikipédia 2022,PS-PP,Anne Hidalgo,centre_left,5.0,125
2021-12-04,2021-12-06,1341,Ifop,https://www.ifop.com/wp-content/uploads/2021/12/118657_Ifop_Rapport_Baro_Presid.V7..pdf,Wikimedia Commons / Wikipédia 2022,REC,Éric Zemmour,far_right,13.0,125
2021-12-04,2021-12-06,1341,Ifop,https://www.ifop.com/wp-content/uploads/2021/12/118657_Ifop_Rapport_Baro_Presid.V7..pdf,Wikimedia Commons / Wikipédia 2022,RN,Marine Le Pen,far_right,17.0,125
2021-12-06,2021-12-07,1474,Elabe,https://elabe.fr/wp-content/uploads/2021/12/presidentielle-2022.pdf,Wikimedia Commons / Wikipédia 2022,DLF,Nicolas Dupont-Aignan,sovereigntist_right,2.0,124
2021-12-06,2021-12-07,1474,Elabe,https://elabe.fr/wp-content/uploads/2021/12/presidentielle-2022.pdf,Wikimedia Commons / Wikipédia 2022,EELV,Yannick Jadot,green,7.0,124
2021-12-06,2021-12-07,1474,Elabe,https://elabe.fr/wp-content/uploads/2021/12/presidentielle-2022.pdf,Wikimedia Commons / Wikipédia 2022,ENS,Emmanuel Macron,centre,23.0,124
2021-12-06,2021-12-07,1474,Elabe,https://elabe.fr/wp-content/uploads/2021/12/presidentielle-2022.pdf,Wikimedia Commons / Wikipédia 2022,LFI,Jean-Luc Mélenchon,left,8.0,124
2021-12-06,2021-12-07,1474,Elabe,https://elabe.fr/wp-content/uploads/2021/12/presidentielle-2022.pdf,Wikimedia Commons / Wikipédia 2022,LR,Valérie Pécresse,right,20.0,124
2021-12-06,2021-12-07,1474,Elabe,https://elabe.fr/wp-content/uploads/2021/12/presidentielle-2022.pdf,Wikimedia Commons / Wikipédia 2022,PCF,Fabien Roussel,left,1.0,124
2021-12-06,2021-12-07,1474,Elabe,https://elabe.fr/wp-content/uploads/2021/12/presidentielle-2022.pdf,Wikimedia Commons / Wikipédia 2022,PS-PP,Anne Hidalgo,centre_left,3.0,124
2021-12-06,2021-12-07,1474,Elabe,https://elabe.fr/wp-content/uploads/2021/12/presidentielle-2022.pdf,Wikimedia Commons / Wikipédia 2022,REC,Éric Zemmour,far_right,14.0,124
2021-12-06,2021-12-07,1474,Elabe,https://elabe.fr/wp-content/uploads/2021/12/presidentielle-2022.pdf,Wikimedia Commons / Wikipédia 2022,RN,Marine Le Pen,far_right,15.0,124
2021-12-06,2021-12-08,1655,BVA,https://presidentielle2022.bva-group.com/wp-content/uploads/2021/12/BVA-RTL-Orange-Presidentielle-2022-Vague-3-IV.pdf,Wikimedia Commons / Wikipédia 2022,DLF,Nicolas Dupont-Aignan,sovereigntist_right,2.5,123
2021-12-06,2021-12-08,1655,BVA,https://presidentielle2022.bva-group.com/wp-content/uploads/2021/12/BVA-RTL-Orange-Presidentielle-2022-Vague-3-IV.pdf,Wikimedia Commons / Wikipédia 2022,EELV,Yannick Jadot,green,7.0,123
2021-12-06,2021-12-08,1655,BVA,https://presidentielle2022.bva-group.com/wp-content/uploads/2021/12/BVA-RTL-Orange-Presidentielle-2022-Vague-3-IV.pdf,Wikimedia Commons / Wikipédia 2022,ENS,Emmanuel Macron,centre,24.0,123
2021-12-06,2021-12-08,1655,BVA,https://presidentielle2022.bva-group.com/wp-content/uploads/2021/12/BVA-RTL-Orange-Presidentielle-2022-Vague-3-IV.pdf,Wikimedia Commons / Wikipédia 2022,LFI,Jean-Luc Mélenchon,left,9.0,123
2021-12-06,2021-12-08,1655,BVA,https://presidentielle2022.bva-group.com/wp-content/uploads/2021/12/BVA-RTL-Orange-Presidentielle-2022-Vague-3-IV.pdf,Wikimedia Commons / Wikipédia 2022,LR,Valérie Pécresse,right,17.0,123
2021-12-06,2021-12-08,1655,BVA,https://presidentielle2022.bva-group.com/wp-content/uploads/2021/12/BVA-RTL-Orange-Presidentielle-2022-Vague-3-IV.pdf,Wikimedia Commons / Wikipédia 2022,PCF,Fabien Roussel,left,2.5,123
2021-12-06,2021-12-08,1655,BVA,https://presidentielle2022.bva-group.com/wp-content/uploads/2021/12/BVA-RTL-Orange-Presidentielle-2022-Vague-3-IV.pdf,Wikimedia Commons / Wikipédia 2022,PS-PP,Anne Hidalgo,centre_left,5.0,123
2021-12-06,2021-12-08,1655,BVA,https://presidentielle2022.bva-group.com/wp-content/uploads/2021/12/BVA-RTL-Orange-Presidentielle-2022-Vague-3-IV.pdf,Wikimedia Commons / Wikipédia 2022,REC,Éric Zemmour,far_right,13.0,123
2021-12-06,2021-12-08,1655,BVA,https://presidentielle2022.bva-group.com/wp-content/uploads/2021/12/BVA-RTL-Orange-Presidentielle-2022-Vague-3-IV.pdf,Wikimedia Commons / Wikipédia 2022,RN,Marine Le Pen,far_right,16.0,123
2021-12-04,2021-12-08,1612,Cluster17,https://cluster17.com/sondages-barometre-hebdomadaire-s49-election-presidentielle-2022/,Wikimedia Commons / Wikipédia 2022,DLF,Nicolas Dupont-Aignan,sovereigntist_right,2.0,123
2021-12-04,2021-12-08,1612,Cluster17,https://cluster17.com/sondages-barometre-hebdomadaire-s49-election-presidentielle-2022/,Wikimedia Commons / Wikipédia 2022,EELV,Yannick Jadot,green,5.0,123
2021-12-04,2021-12-08,1612,Cluster17,https://cluster17.com/sondages-barometre-hebdomadaire-s49-election-presidentielle-2022/,Wikimedia Commons / Wikipédia 2022,ENS,Emmanuel Macron,centre,23.0,123
2021-12-04,2021-12-08,1612,Cluster17,https://cluster17.com/sondages-barometre-hebdomadaire-s49-election-presidentielle-2022/,Wikimedia Commons / Wikipédia 2022,LFI,Jean-Luc Mélenchon,left,13.0,123
2021-12-04,2021-12-08,1612,Cluster17,https://cluster17.com/sondages-barometre-hebdomadaire-s49-election-presidentielle-2022/,Wikimedia Commons / Wikipédia 2022,LR,Valérie Pécresse,right,16.0,123
2021-12-04,2021-12-08,1612,Cluster17,https://cluster17.com/sondages-barometre-hebdomadaire-s49-election-presidentielle-2022/,Wikimedia Commons / Wikipédia 2022,PCF,Fabien Roussel,left,2.0,123
2021-12-04,2021-12-08,1612,Cluster17,https://cluster17.com/sondages-barometre-hebdomadaire-s49-election-presidentielle-2022/,Wikimedia Commons / Wikipédia 2022,PS-PP,Anne Hidalgo,centre_left,3.0,123
2021-12-04,2021-12-08,1612,Cluster17,https://cluster17.com/sondages-barometre-hebdomadaire-s49-election-presidentielle-2022/,Wikimedia Commons / Wikipédia 2022,REC,Éric Zemmour,far_right,15.0,123
2021-12-04,2021-12-08,1612,Cluster17,https://cluster17.com/sondages-barometre-hebdomadaire-s49-election-presidentielle-2022/,Wikimedia Commons / Wikipédia 2022,RN,Marine Le Pen,far_right,16.0,123
2021-12-06,2021-12-08,1500,Ipsos,https://www.ipsos.com/sites/default/files/ct/news/documents/2021-12/Ipsos%20-%20Le%20Parisien-France%20Info%20-%20IV%202022%20-%20De%CC%81cembre%202021.pdf,Wikimedia Commons / Wikipédia 2022,DLF,Nicolas Dupont-Aignan,sovereigntist_right,1.5,123
2021-12-06,2021-12-08,1500,Ipsos,https://www.ipsos.com/sites/default/files/ct/news/documents/2021-12/Ipsos%20-%20Le%20Parisien-France%20Info%20-%20IV%202022%20-%20De%CC%81cembre%202021.pdf,Wikimedia Commons / Wikipédia 2022,EELV,Yannick Jadot,green,7.0,123
2021-12-06,2021-12-08,1500,Ipsos,https://www.ipsos.com/sites/default/files/ct/news/documents/2021-12/Ipsos%20-%20Le%20Parisien-France%20Info%20-%20IV%202022%20-%20De%CC%81cembre%202021.pdf,Wikimedia Commons / Wikipédia 2022,ENS,Emmanuel Macron,centre,25.0,123
2021-12-06,2021-12-08,1500,Ipsos,https://www.ipsos.com/sites/default/files/ct/news/documents/2021-12/Ipsos%20-%20Le%20Parisien-France%20Info%20-%20IV%202022%20-%20De%CC%81cembre%202021.pdf,Wikimedia Commons / Wikipédia 2022,LFI,Jean-Luc Mélenchon,left,8.0,123
2021-12-06,2021-12-08,1500,Ipsos,https://www.ipsos.com/sites/default/files/ct/news/documents/2021-12/Ipsos%20-%20Le%20Parisien-France%20Info%20-%20IV%202022%20-%20De%CC%81cembre%202021.pdf,Wikimedia Commons / Wikipédia 2022,LR,Valérie Pécresse,right,16.0,123
2021-12-06,2021-12-08,1500,Ipsos,https://www.ipsos.com/sites/default/files/ct/news/documents/2021-12/Ipsos%20-%20Le%20Parisien-France%20Info%20-%20IV%202022%20-%20De%CC%81cembre%202021.pdf,Wikimedia Commons / Wikipédia 2022,PCF,Fabien Roussel,left,2.0,123
2021-12-06,2021-12-08,1500,Ipsos,https://www.ipsos.com/sites/default/files/ct/news/documents/2021-12/Ipsos%20-%20Le%20Parisien-France%20Info%20-%20IV%202022%20-%20De%CC%81cembre%202021.pdf,Wikimedia Commons / Wikipédia 2022,PS-PP,Anne Hidalgo,centre_left,5.0,123
2021-12-06,2021-12-08,1500,Ipsos,https://www.ipsos.com/sites/default/files/ct/news/documents/2021-12/Ipsos%20-%20Le%20Parisien-France%20Info%20-%20IV%202022%20-%20De%CC%81cembre%202021.pdf,Wikimedia Commons / Wikipédia 2022,REC,Éric Zemmour,far_right,14.0,123
2021-12-06,2021-12-08,1500,Ipsos,https://www.ipsos.com/sites/default/files/ct/news/documents/2021-12/Ipsos%20-%20Le%20Parisien-France%20Info%20-%20IV%202022%20-%20De%CC%81cembre%202021.pdf,Wikimedia Commons / Wikipédia 2022,RN,Marine Le Pen,far_right,16.0,123
2021-12-07,2021-12-09,2010,Odoxa,http://www.odoxa.fr/sondage/intentions-de-vote-la-bombe-pecresse-relance-totalement-la-campagne-presidentielle/,Wikimedia Commons / Wikipédia 2022,DLF,Nicolas Dupont-Aignan,sovereigntist_right,2.5,122
2021-12-07,2021-12-09,2010,Odoxa,http://www.odoxa.fr/sondage/intentions-de-vote-la-bombe-pecresse-relance-totalement-la-campagne-presidentielle/,Wikimedia Commons / Wikipédia 2022,EELV,Yannick Jadot,green,6.0,122
2021-12-07,2021-12-09,2010,Odoxa,http://www.odoxa.fr/sondage/intentions-de-vote-la-bombe-pecresse-relance-totalement-la-campagne-presidentielle/,Wikimedia Commons / Wikipédia 2022,ENS,Emmanuel Macron,centre,24.0,122
2021-12-07,2021-12-09,2010,Odoxa,http://www.odoxa.fr/sondage/intentions-de-vote-la-bombe-pecresse-relance-totalement-la-campagne-presidentielle/,Wikimedia Commons / Wikipédia 2022,LFI,Jean-Luc Mélenchon,left,10.0,122
2021-12-07,2021-12-09,2010,Odoxa,http://www.odoxa.fr/sondage/intentions-de-vote-la-bombe-pecresse-relance-totalement-la-campagne-presidentielle/,Wikimedia Commons / Wikipédia 2022,LR,Valérie Pécresse,right,19.0,122
2021-12-07,2021-12-09,2010,Odoxa,http://www.odoxa.fr/sondage/intentions-de-vote-la-bombe-pecresse-relance-totalement-la-campagne-presidentielle/,Wikimedia Commons / Wikipédia 2022,PCF,Fabien Roussel,left,2.0,122
2021-12-07,2021-12-09,2010,Odoxa,http://www.odoxa.fr/sondage/intentions-de-vote-la-bombe-pecresse-relance-totalement-la-campagne-presidentielle/,Wikimedia Commons / Wikipédia 2022,PS-PP,Anne Hidalgo,centre_left,3.0,122
2021-12-07,2021-12-09,2010,Odoxa,http://www.odoxa.fr/sondage/intentions-de-vote-la-bombe-pecresse-relance-totalement-la-campagne-presidentielle/,Wikimedia Commons / Wikipédia 2022,REC,Éric Zemmour,far_right,12.0,122
2021-12-07,2021-12-09,2010,Odoxa,http://www.odoxa.fr/sondage/intentions-de-vote-la-bombe-pecresse-relance-totalement-la-campagne-presidentielle/,Wikimedia Commons / Wikipédia 2022,RN,Marine Le Pen,far_right,17.0,122
2021-12-08,2021-12-09,962,OpinionWay,https://www.opinion-way.com/fr/component/edocman/opinionway-mieux-voter-etude-sur-le-jugement-majoritaire-decembre-2021/viewdocument/2733.html,Wikimedia Commons / Wikipédia 2022,DLF,Nicolas Dupont-Aignan,sovereigntist_right,2.0,122
2021-12-08,2021-12-09,962,OpinionWay,https://www.opinion-way.com/fr/component/edocman/opinionway-mieux-voter-etude-sur-le-jugement-majoritaire-decembre-2021/viewdocument/2733.html,Wikimedia Commons / Wikipédia 2022,EELV,Yannick Jadot,green,8.0,122
2021-12-08,2021-12-09,962,OpinionWay,https://www.opinion-way.com/fr/component/edocman/opinionway-mieux-voter-etude-sur-le-jugement-majoritaire-decembre-2021/viewdocument/2733.html,Wikimedia Commons / Wikipédia 2022,ENS,Emmanuel Macron,centre,25.0,122
2021-12-08,2021-12-09,962,OpinionWay,https://www.opinion-way.com/fr/component/edocman/opinionway-mieux-voter-etude-sur-le-jugement-majoritaire-decembre-2021/viewdocument/2733.html,Wikimedia Commons / Wikipédia 2022,LFI,Jean-Luc Mélenchon,left,8.0,122
2021-12-08,2021-12-09,962,OpinionWay,https://www.opinion-way.com/fr/component/edocman/opinionway-mieux-voter-etude-sur-le-jugement-majoritaire-decembre-2021/viewdocument/2733.html,Wikimedia Commons / Wikipédia 2022,LR,Valérie Pécresse,right,17.0,122
2021-12-08,2021-12-09,962,OpinionWay,https://www.opinion-way.com/fr/component/edocman/opinionway-mieux-voter-etude-sur-le-jugement-majoritaire-decembre-2021/viewdocument/2733.html,Wikimedia Commons / Wikipédia 2022,PCF,Fabien Roussel,left,2.0,122
2021-12-08,2021-12-09,962,OpinionWay,https://www.opinion-way.com/fr/component/edocman/opinionway-mieux-voter-etude-sur-le-jugement-majoritaire-decembre-2021/viewdocument/2733.html,Wikimedia Commons / Wikipédia 2022,PS-PP,Anne Hidalgo,centre_left,5.0,122
2021-12-08,2021-12-09,962,OpinionWay,https://www.opinion-way.com/fr/component/edocman/opinionway-mieux-voter-etude-sur-le-jugement-majoritaire-decembre-2021/viewdocument/2733.html,Wikimedia Commons / Wikipédia 2022,REC,Éric Zemmour,far_right,12.0,122
2021-12-08,2021-12-09,962,OpinionWay,https://www.opinion-way.com/fr/component/edocman/opinionway-mieux-voter-etude-sur-le-jugement-majoritaire-decembre-2021/viewdocument/2733.html,Wikimedia Commons / Wikipédia 2022,RN,Marine Le Pen,far_right,16.0,122
2021-12-10,2021-12-13,2613,Harris-Interactive,https://harris-interactive.fr/wp-content/uploads/sites/6/2021/12/MREFQDZF-54D.pdf,Wikimedia Commons / Wikipédia 2022,DLF,Nicolas Dupont-Aignan,sovereigntist_right,2.0,118
2021-12-10,2021-12-13,2613,Harris-Interactive,https://harris-interactive.fr/wp-content/uploads/sites/6/2021/12/MREFQDZF-54D.pdf,Wikimedia Commons / Wikipédia 2022,EELV,Yannick Jadot,green,7.0,118
2021-12-10,2021-12-13,2613,Harris-Interactive,https://harris-interactive.fr/wp-content/uploads/sites/6/2021/12/MREFQDZF-54D.pdf,Wikimedia Commons / Wikipédia 2022,ENS,Emmanuel Macron,centre,24.0,118
2021-12-10,2021-12-13,2613,Harris-Interactive,https://harris-interactive.fr/wp-content/uploads/sites/6/2021/12/MREFQDZF-54D.pdf,Wikimedia Commons / Wikipédia 2022,LFI,Jean-Luc Mélenchon,left,11.0,118
2021-12-10,2021-12-13,2613,Harris-Interactive,https://harris-interactive.fr/wp-content/uploads/sites/6/2021/12/MREFQDZF-54D.pdf,Wikimedia Commons / Wikipédia 2022,LR,Valérie Pécresse,right,17.0,118
2021-12-10,2021-12-13,2613,Harris-Interactive,https://harris-interactive.fr/wp-content/uploads/sites/6/2021/12/MREFQDZF-54D.pdf,Wikimedia Commons / Wikipédia 2022,PCF,Fabien Roussel,left,2.0,118
2021-12-10,2021-12-13,2613,Harris-Interactive,https://harris-interactive.fr/wp-content/uploads/sites/6/2021/12/MREFQDZF-54D.pdf,Wikimedia Commons / Wikipédia 2022,PS-PP,Anne Hidalgo,centre_left,4.0,118
2021-12-10,2021-12-13,2613,Harris-Interactive,https://harris-interactive.fr/wp-content/uploads/sites/6/2021/12/MREFQDZF-54D.pdf,Wikimedia Commons / Wikipédia 2022,REC,Éric Zemmour,far_right,15.0,118
2021-12-10,2021-12-13,2613,Harris-Interactive,https://harris-interactive.fr/wp-content/uploads/sites/6/2021/12/MREFQDZF-54D.pdf,Wikimedia Commons / Wikipédia 2022,RN,Marine Le Pen,far_right,16.0,118
2021-12-10,2021-12-13,1470,OpinionWay,https://www.opinion-way.com/fr/sondage-d-opinion/sondages-publies/opinionway-pour-les-echos-radio-classique-cnews-barometre-2022-vague-4-decembre-2021/download.html,Wikimedia Commons / Wikipédia 2022,DLF,Nicolas Dupont-Aignan,sovereigntist_right,2.0,118
2021-12-10,2021-12-13,1470,OpinionWay,https://www.opinion-way.com/fr/sondage-d-opinion/sondages-publies/opinionway-pour-les-echos-radio-classique-cnews-barometre-2022-vague-4-decembre-2021/download.html,Wikimedia Commons / Wikipédia 2022,EELV,Yannick Jadot,green,8.0,118
2021-12-10,2021-12-13,1470,OpinionWay,https://www.opinion-way.com/fr/sondage-d-opinion/sondages-publies/opinionway-pour-les-echos-radio-classique-cnews-barometre-2022-vague-4-decembre-2021/download.html,Wikimedia Commons / Wikipédia 2022,ENS,Emmanuel Macron,centre,24.0,118
2021-12-10,2021-12-13,1470,OpinionWay,https://www.opinion-way.com/fr/sondage-d-opinion/sondages-publies/opinionway-pour-les-echos-radio-classique-cnews-barometre-2022-vague-4-decembre-2021/download.html,Wikimedia Commons / Wikipédia 2022,LFI,Jean-Luc Mélenchon,left,9.0,118
2021-12-10,2021-12-13,1470,OpinionWay,https://www.opinion-way.com/fr/sondage-d-opinion/sondages-publies/opinionway-pour-les-echos-radio-classique-cnews-barometre-2022-vague-4-decembre-2021/download.html,Wikimedia Commons / Wikipédia 2022,LR,Valérie Pécresse,right,17.0,118
2021-12-10,2021-12-13,1470,OpinionWay,https://www.opinion-way.com/fr/sondage-d-opinion/sondages-publies/opinionway-pour-les-echos-radio-classique-cnews-barometre-2022-vague-4-decembre-2021/download.html,Wikimedia Commons / Wikipédia 2022,PCF,Fabien Roussel,left,3.0,118
2021-12-10,2021-12-13,1470,OpinionWay,https://www.opinion-way.com/fr/sondage-d-opinion/sondages-publies/opinionway-pour-les-echos-radio-classique-cnews-barometre-2022-vague-4-decembre-2021/download.html,Wikimedia Commons / Wikipédia 2022,PS-PP,Anne Hidalgo,centre_left,4.0,118
2021-12-10,2021-12-13,1470,OpinionWay,https://www.opinion-way.com/fr/sondage-d-opinion/sondages-publies/opinionway-pour-les-echos-radio-classique-cnews-barometre-2022-vague-4-decembre-2021/download.html,Wikimedia Commons / Wikipédia 2022,REC,Éric Zemmour,far_right,12.0,118
2021-12-10,2021-12-13,1470,OpinionWay,https://www.opinion-way.com/fr/sondage-d-opinion/sondages-publies/opinionway-pour-les-echos-radio-classique-cnews-barometre-2022-vague-4-decembre-2021/download.html,Wikimedia Commons / Wikipédia 2022,RN,Marine Le Pen,far_right,16.0,118
2021-12-12,2021-12-15,1520,Cluster17,https://cluster17.com/barometre-hebdomadaire-s50-presidentielle-2022/,Wikimedia Commons / Wikipédia 2022,DLF,Nicolas Dupont-Aignan,sovereigntist_right,1.5,116
2021-12-12,2021-12-15,1520,Cluster17,https://cluster17.com/barometre-hebdomadaire-s50-presidentielle-2022/,Wikimedia Commons / Wikipédia 2022,EELV,Yannick Jadot,green,5.0,116
2021-12-12,2021-12-15,1520,Cluster17,https://cluster17.com/barometre-hebdomadaire-s50-presidentielle-2022/,Wikimedia Commons / Wikipédia 2022,ENS,Emmanuel Macron,centre,22.0,116
2021-12-12,2021-12-15,1520,Cluster17,https://cluster17.com/barometre-hebdomadaire-s50-presidentielle-2022/,Wikimedia Commons / Wikipédia 2022,LFI,Jean-Luc Mélenchon,left,13.0,116
2021-12-12,2021-12-15,1520,Cluster17,https://cluster17.com/barometre-hebdomadaire-s50-presidentielle-2022/,Wikimedia Commons / Wikipédia 2022,LR,Valérie Pécresse,right,18.0,116
2021-12-12,2021-12-15,1520,Cluster17,https://cluster17.com/barometre-hebdomadaire-s50-presidentielle-2022/,Wikimedia Commons / Wikipédia 2022,PCF,Fabien Roussel,left,2.0,116
2021-12-12,2021-12-15,1520,Cluster17,https://cluster17.com/barometre-hebdomadaire-s50-presidentielle-2022/,Wikimedia Commons / Wikipédia 2022,PS-PP,Anne Hidalgo,centre_left,3.0,116
2021-12-12,2021-12-15,1520,Cluster17,https://cluster17.com/barometre-hebdomadaire-s50-presidentielle-2022/,Wikimedia Commons / Wikipédia 2022,REC,Éric Zemmour,far_right,15.0,116
2021-12-12,2021-12-15,1520,Cluster17,https://cluster17.com/barometre-hebdomadaire-s50-presidentielle-2022/,Wikimedia Commons / Wikipédia 2022,RN,Marine Le Pen,far_right,15.0,116
